Price,Close,High,Low,Open,Volume
Ticker,RELIANCE.NS,RELIANCE.NS,RELIANCE.NS,RELIANCE.NS,RELIANCE.NS
Date,,,,,
2011-01-01,187.3616943359375,222.43723054123478,183.83578889744845,217.05667451631612,447426553
2011-02-01,196.5228729248047,205.7248474011992,180.39138444277648,188.54374505791932,539510608
2011-03-01,213.81610107421875,215.01858115679497,196.47195338410216,198.448899481281,431843698
2011-04-01,200.49716186523438,217.24007507597753,197.6947855396563,213.80589506858644,281688030
2011-05-01,195.786376953125,202.97525608702946,184.78194055254679,202.37874358412947,314277568
2011-06-01,184.81277465820312,198.902559483759,170.33217559675418,195.81720995311963,372755993
2011-07-01,170.3013153076172,186.56112555501298,169.31400240352716,186.56112555501298,369661930
2011-08-01,160.97325134277344,172.55361647345444,146.45151592393137,172.3685004514911,387286020
2011-09-01,166.26983642578125,176.6880605414529,153.76385928838337,160.9733084376798,548239191
2011-10-01,180.50357055664062,185.94407627483443,156.6846204300855,162.7422070705346,320047154
2011-11-01,160.07852172851562,186.14978745660554,154.4734680303542,179.05346620130865,349755829
2011-12-01,142.53309631347656,173.72603398795056,141.72061531793577,164.3465489542041,422743436
2012-01-01,168.069580078125,170.29104110839603,141.3401268001222,143.32503694850686,478336554
2012-02-01,168.8203582763672,177.86043842360687,157.4251084233524,168.43982825353783,448521265
2012-03-01,154.3911895751953,170.72300532976573,147.6856828052087,166.97943767340377,420016398
2012-04-01,153.25987243652344,156.9211660267049,148.8581009874664,154.13405893805384,267549172
2012-05-01,147.05259704589844,156.59768418138665,140.268919099994,155.26387002330722,331688474
2012-06-01,153.77374267578125,154.83662031751797,140.34186298252067,147.4173031058541,292146663
2012-07-01,154.9720916748047,155.49311038662512,147.27141814144588,153.28398047537843,216965549
2012-08-01,159.7238006591797,171.9156623017663,152.25238221411135,154.27393673857262,311241823
2012-09-01,174.47906494140625,183.7323743594399,158.40039799189074,160.057234963602,329959386
2012-10-01,167.87254333496094,179.64758647782386,142.20712177403766,175.06261872811132,288296487
2012-11-01,165.41329956054688,169.8315449246784,158.61920304302242,165.68423593495518,236080406
2012-12-01,174.96881103515625,177.10498617624813,164.5900902632318,165.68424198350738,213800605
2013-01-01,184.78485107421875,199.02952699211076,174.2810873294132,175.8962579977825,361427720
2013-02-01,169.6127471923828,187.77548960965848,167.92463596028563,185.76435539542763,239359451
2013-03-01,161.07843017578125,181.18978525444356,159.30695826004018,170.06081699078464,264308909
2013-04-01,164.26708984375,172.26994656108198,159.25487038688905,162.76655420925027,300889709
2013-05-01,170.0662384033203,180.3381326580274,164.35026583583777,166.24856419221047,311030277
2013-06-01,181.94117736816406,184.13475816218184,163.52769169606668,169.5178697964678,340959426
2013-07-01,183.9343719482422,195.71434300821812,176.9633936827683,181.81459779618493,332774071
2013-08-01,180.09556579589844,186.21229196306672,161.12314354570145,184.5881983266479,318889964
2013-09-01,173.46209716796875,190.04055787951745,172.76606094321127,179.95848689173602,302652741
2013-10-01,192.93017578125,193.6262119588991,172.47075306830837,174.28468515769623,272817639
2013-11-01,179.95848083496094,195.42960490830777,176.17244376677857,191.9599415317187,198952251
2013-12-01,188.81719970703125,191.72792218056534,176.48881939376614,179.91629964906218,214009313
2014-01-01,175.3076629638672,189.460521253411,173.41991026196138,189.29177453603384,283486672
2014-02-01,168.7269287109375,175.02293501530934,167.28211307704527,174.26362396907703,183458907
2014-03-01,196.3154754638672,198.2243056043099,168.1363092683395,168.7585390089687,419001070
2014-04-01,197.38063049316406,208.5489314588877,195.9674524443566,197.42281365165152,258750417
2014-05-01,226.78431701660156,243.9417043847327,197.0277906562253,199.3282287574363,415482369
2014-06-01,216.28329467773438,241.33244933381803,213.00304180238126,228.9250203394926,325614278
2014-07-01,214.3768768310547,222.22604129565525,204.16337532135836,216.66666494975726,319214906
2014-08-01,212.72608947753906,217.9020566766855,206.82590433308866,211.93797245801758,223037024
2014-09-01,201.43695068359375,221.80004113156784,195.3876669580719,213.92957669268299,304220177
2014-10-01,213.1201629638672,213.7911317725725,194.1628947031107,200.98964579641688,273446027
2014-11-01,211.21380615234375,216.69863406737784,205.20712148665618,213.8550394483805,213239074
2014-12-01,189.81764221191406,211.2883453723138,183.11868932333994,210.65997595589442,294665170
2015-01-01,194.95101928710938,199.05132435128502,177.04811364813187,188.78458691949214,341195325
2015-02-01,182.23472595214844,201.03224664167792,178.19832009852644,195.1214107989715,260067933
2015-03-01,175.9405059814453,193.75821333792302,169.64626104830143,185.0996310845557,306852638
2015-04-01,183.68316650390625,201.1387655593796,173.19276731330777,175.70620261097255,385228070
2015-05-01,189.1572265625,197.43958939211575,184.8866224300548,185.99740597027056,289630758
2015-06-01,215.7082061767578,218.72781942729983,188.434630701278,189.80424500790215,447646552
2015-07-01,216.085693359375,230.32101095866736,212.05235241304894,215.90236491559608,314003363
2015-08-01,184.6062469482422,218.67395347831584,176.43170957930568,215.9023865028112,331333855
2015-09-01,185.9866180419922,194.01016406381393,177.96307202017044,184.1748584099706,316049233
2015-10-01,204.40628051757812,210.2513815745192,185.18859713200325,188.49937983448189,252579931
2015-11-01,208.59056091308594,214.06900406957587,196.26407460940666,204.68662862317072,238557631
2015-12-01,218.835693359375,219.93570722254987,196.88958099101325,207.92195651808598,290231058
2016-01-01,223.3219757080078,235.0445575945759,210.66116915553826,217.80039598379585,521041301
2016-02-01,208.4935302734375,224.70238280590286,191.55133514452243,224.30335942823748,358157727
2016-03-01,227.9739227294922,230.32957171861716,210.40475527895848,210.41566072427833,310902578
2016-04-01,214.34173583984375,233.3613710488969,213.50198743678092,226.64342750441529,349334205
2016-05-01,208.9215545654297,217.0136273149524,201.89824449301304,213.5346886121245,298363064
2016-06-01,211.38626098632812,216.83914345831298,203.5886496801943,208.94336859055846,261190948
2016-07-01,221.36505126953125,226.56709436058736,211.57167003394954,212.17149865502088,232305291
2016-08-01,231.20201110839844,234.25562282311324,214.494390230458,222.04117596425408,270476979
2016-09-01,236.37135314941406,246.37193728492713,218.6167793193025,229.67522072611777,449513618
2016-10-01,230.1005401611328,245.65214082459337,227.5813096805854,237.09111936853398,268973307
2016-11-01,215.94485473632812,230.31863755589805,202.84703798010136,229.30440214759747,286209310
2016-12-01,236.08779907226562,236.65491132985088,215.17055869154984,218.11511618898268,288656351
2017-01-01,227.9739227294922,239.38135341422765,220.90700488213147,236.43679581782322,270999618
2017-02-01,270.0373840332031,274.1270271943622,222.9136239716904,228.170193246998,503632823
2017-03-01,288.1083068847656,291.76173350156176,267.6382152958533,270.4846097252933,655477271
2017-04-01,304.3142395019531,320.13849282896774,291.6308419474116,292.7105247692066,452397983
2017-05-01,292.4269104003906,305.7973636091016,282.48088316572904,304.31419407130505,321091939
2017-06-01,300.99884033203125,315.2635685522886,285.5126732819068,290.68199926117364,370298458
2017-07-01,355.10015869140625,358.68368379921645,301.4130294429277,305.1944130383434,485506057
2017-08-01,350.5491943359375,366.02656070276225,336.36892925181445,356.7599120499381,281289135
2017-09-01,343.3602294921875,383.63656824595864,342.5687661965656,351.72546673227026,381864368
2017-10-01,413.68994140625,421.1428168020734,343.3602430762187,343.3602430762187,327625010
2017-11-01,405.2037353515625,421.8902696320195,383.8563880327496,416.72381827074156,286215448
2017-12-01,404.98388671875,412.8325081283189,379.30554770023525,406.478876202241,264400846
2018-01-01,422.68170166015625,435.7187279366625,398.5422651562986,405.70934370798403,289004323
2018-02-01,419.7137756347656,427.6503044874601,382.9769949132859,423.53915694725424,317032383
2018-03-01,388.1214599609375,422.0661494748907,386.93427974844013,417.60322420254823,290499715
2018-04-01,423.5611572265625,444.53474370874466,389.2427041970922,392.6503550556671,275394270
2018-05-01,405.11578369140625,439.69801548091164,398.63021736564707,423.5611180046841,277602018
2018-06-01,430.442626953125,458.5722523492931,406.5402149363516,407.2263127294341,353434708
2018-07-01,524.9678344726562,526.9154422077543,423.60391414336124,430.39838043395275,435898808
2018-08-01,549.6006469726562,588.2650076692158,516.093011754481,526.9154515670423,325490111
2018-09-01,556.8155517578125,567.1732641596857,523.8612302211351,551.0834147382434,393581276
2018-10-01,469.748779296875,556.7049004517445,449.8965029983577,556.7049004517445,602597522
2018-11-01,516.8011474609375,524.9677789775235,464.76914316805687,472.69233113041787,358035029
2018-12-01,496.30706787109375,520.0545611708905,466.98235595388195,520.0545611708905,334090346
2019-01-01,543.1823120117188,559.8033096175238,478.5351251083525,498.0775633810231,467551789
2019-02-01,544.90869140625,584.8124635420064,533.8206758887846,546.2145230148469,381513640
2019-03-01,603.4253540039062,614.380581356587,539.3978290687163,547.5423600034696,408355672
2019-04-01,616.5052490234375,625.1809888389944,584.7239083318785,606.4131692276378,365177026
2019-05-01,588.7741088867188,627.4384730812366,543.3373498077406,616.5052874617468,536354005
2019-06-01,554.6688842773438,608.2943770123911,552.699115594441,590.9208541258176,291532958
2019-07-01,516.2257690429688,575.4285032589211,514.5215754092878,556.8598368254986,345565985
2019-08-01,555.9721069335938,580.864058273718,487.73077920356747,518.0552841997692,523013973
2019-09-01,593.2431640625,594.8017086894001,522.174218697369,555.9720341614036,397055039
2019-10-01,652.0665893554688,663.3325688124955,570.5555161171635,595.3584108437316,359326412
2019-11-01,690.7181396484375,705.4128460057755,633.4532713918644,647.9031026374975,365382929
2019-12-01,674.1976928710938,720.2856364121707,671.5259443984595,712.4707379458885,375066938
2020-01-01,628.5996704101562,716.4785173833867,626.6181376421537,675.9567043565285,437126627
2020-02-01,591.64013671875,671.5036649538265,590.014829470249,625.7719456380822,401998547
2020-03-01,495.94647216796875,609.6077973618087,389.9219038565753,603.4182055072974,995166840
2020-04-01,652.8013305664062,665.6926172797448,465.4215420431153,499.7314351156994,1036286353
2020-05-01,658.27001953125,719.1501696761933,626.1746148563982,652.8013203693571,1005220160
2020-06-01,766.018798828125,811.015238923466,663.4619053824107,665.2824468773163,861696297
2020-07-01,932.9739990234375,992.4160683390165,770.9187720833355,776.3123675181644,1335941504
2020-08-01,939.1123657226562,991.1523241239554,902.801683776411,925.8428201092248,830457461
2020-09-01,1008.4615478515625,1069.3929421816863,922.6608861562916,947.8233609575985,820719574
2020-10-01,927.287109375,1042.1542748855302,898.6267419187441,1021.7534383226541,563006191
2020-11-01,871.0044555664062,945.5665889996179,828.2621917389404,914.8751381761773,936566648
2020-12-01,896.0541381835938,919.8399938950596,837.3567807219399,875.7661778506103,504375631
2021-01-01,831.3538818359375,956.8501791216695,825.9602859922227,897.2727236982389,650164156
2021-02-01,941.4141845703125,971.2931652676364,834.0844557994994,839.2297921045146,522484840
2021-03-01,904.0880126953125,1007.3556427199652,890.8185264121145,952.427004814267,420656889
2021-04-01,900.2064819335938,923.8569556335963,847.0381030018133,910.8131052760799,327179767
2021-05-01,975.039306640625,989.2115150434242,860.2624575186537,887.3430740180291,374374485
2021-06-01,955.9512329101562,1030.3429854858462,942.5222148181849,981.020230852639,503558070
2021-07-01,921.8238525390625,975.3813668561344,913.1957132800878,959.2801431786538,215416700
2021-08-01,1022.756591796875,1034.3512267943545,924.4734222574446,930.4292954882774,282080043
2021-09-01,1141.01318359375,1163.998788455276,1021.3296862738182,1029.4822166670704,328996430
2021-10-01,1148.713134765625,1246.135721807489,1130.0302732478108,1133.1780269277117,233774762
2021-11-01,1089.44873046875,1178.5830498623593,1045.787500853844,1148.7131142302721,321236132
2021-12-01,1072.57763671875,1131.6154795496657,1017.7518537335576,1101.949323527126,286415796
2022-01-01,1080.9339599609375,1162.7761560404138,1043.9757970167648,1071.15094501697,274562944
2022-02-01,1068.6824951171875,1112.5476279010186,1015.894992677199,1090.6264425410636,251101938
2022-03-01,1193.325439453125,1217.4434019432426,987.3610611518003,1068.6824224955972,314247631
2022-04-01,1263.7542724609375,1293.6015662528664,1142.1684384441771,1193.891631876823,295144142
2022-05-01,1192.3743896484375,1270.6612715315216,1073.415534377507,1250.959387999154,403745610
2022-06-01,1175.6165771484375,1276.0284324361005,1107.3844117298622,1193.1218032325185,351700770
2022-07-01,1136.5748291015625,1173.9631938603736,1071.1509112393346,1166.218342215722,426895033
2022-08-01,1198.6729736328125,1216.3717288815624,1139.442509580017,1144.6907785467204,235203079
2022-09-01,1080.439453125,1194.9243494776551,1050.1084789606275,1173.5450967892464,257534235
2022-10-01,1158.5272216796875,1163.6846262416873,1064.6944295115456,1086.6872563948791,204763153
2022-11-01,1241.1136474609375,1247.5206802015884,1136.8980141889638,1181.4287366715353,226250915
2022-12-01,1157.4365234375,1251.8599283897875,1132.4675237577505,1245.8619069787323,197847431
2023-01-01,1069.5792236328125,1184.1550927468927,1045.564420502212,1158.708932590781,285629542
2023-02-01,1055.356689453125,1119.54011658647,1041.9292882777636,1081.4390229105366,305711483
2023-03-01,1059.2191162109375,1101.7278651662923,990.5826595873061,1065.1035580167293,348033691
2023-04-01,1099.86474609375,1101.8868430685457,1048.995257302825,1065.5579670875225,209837745
2023-05-01,1122.311767578125,1153.119896986185,1096.4794336389766,1099.8646187734462,218569023
2023-06-01,1158.822509765625,1174.1584263391237,1113.7237661036681,1126.9694374882133,223723612
2023-07-01,1255.00390625,1297.7541162147234,1161.1399810830671,1162.366892938557,416254816
2023-08-01,1189.15966796875,1276.0123176128477,1185.651919829385,1262.277919260555,298475086
2023-09-01,1158.529052734375,1226.7068818505131,1148.6482079349346,1188.9373767278087,317033836
2023-10-01,1130.3192138671875,1169.3980040310576,1096.9220301857495,1158.5290745470343,205673358
2023-11-01,1174.5606689453125,1191.6051257838842,1124.0448512136038,1130.9367161599575,205714960
2023-12-01,1277.0743408203125,1291.4262906293047,1174.6347646197719,1174.8323332503776,255462630
2024-01-01,1409.6259765625,1442.5785688019903,1269.1697480630303,1274.9006861115404,258674746
2024-02-01,1443.393798828125,1482.0772081783832,1401.1531889996936,1417.9011720186909,238810562
2024-03-01,1468.145263671875,1494.4282860576857,1396.0645509095734,1446.0616002207673,225478698
2024-04-01,1449.519775390625,1476.198053465299,1424.323623875655,1474.691200673113,219497200
2024-05-01,1413.35595703125,1474.4442271238972,1367.5088165162222,1449.5198221309956,240620924
2024-06-01,1546.7474365234375,1562.1615299634889,1343.1032536096072,1465.3292529638545,319049706
2024-07-01,1487.4869384765625,1589.6301586818552,1445.5674114664396,1543.9065310278686,230090166
2024-08-01,1496.6995849609375,1526.5418444404818,1420.978508003818,1499.05425020183,259569538
2024-09-01,1463.9324951171875,1520.3453407005413,1433.4953973705744,1497.93886643193,297714904
2024-10-01,1320.64501953125,1475.2101049473818,1308.9956231792557,1467.9726802544212,400774438
2024-11-01,1281.1361083984375,1330.4601478669583,1206.8278802624523,1321.6364466715995,279900722
2024-12-01,1205.043212890625,1318.5628586341174,1191.212701841103,1276.9720848700297,288559407
2025-01-01,1254.2681884765625,1314.6467868277534,1201.226255523859,1204.448429020986,285691250
2025-02-01,1189.82470703125,1279.450725489891,1183.0830013175257,1254.268176350772,206663951
2025-03-01,1264.1824951171875,1296.5033478080143,1146.102260478771,1193.6912816751214,262251811
2025-04-01,1392.9703369140625,1400.3070020394923,1105.3045879719414,1253.7724228138495,295755870
2025-05-01,1408.7342529296875,1448.8874912035624,1362.731506356565,1392.97036480973,233059332
2025-06-01,1487.7518310546875,1511.7447031481738,1383.6508415822964,1400.0095684993864,220582932
2025-07-01,1378.2969970703125,1537.7202686951894,1370.365493427784,1487.7517715422323,246759644
2025-08-01,1350.9537353515625,1425.3100178510074,1343.7869203796088,1380.5171205050203,189160866
2025-09-01,1357.722412109375,1415.4554765539085,1334.4300824972936,1349.7592308066808,213518442
2025-10-01,1479.5592041015625,1501.3584386008004,1350.655198595587,1360.708691325625,249059752
2025-11-01,1560.285888671875,1574.0224254817672,1463.3341287678509,1479.1609764378986,201185705
2025-12-01,1563.172607421875,1573.6242835061605,1510.6155590803496,1567.751412642812,183581032
